Order_ID,Date,Product,Category,Quantity,Region,Unit_Price,Revenue
ORD-0001,11/25/2025,Printer,Electronics,8,North,174.13,1393.04
ORD-0002,3/9/2025,Keyboard,Electronics,9,South,43.17,388.53
ORD-0003,12/23/2025,Webcam,Electronics,7,South,75.85,530.95
ORD-0004,4/8/2025,Desk Lamp,Furniture,1,East,27.66,27.66
ORD-0005,9/24/2025,Backpack,Stationery,3,South,36.82,110.46
ORD-0006,4/15/2025,Office Chair,Furniture,9,North,175.62,1580.58
ORD-0007,11/19/2025,Webcam,Electronics,1,East,75.62,75.62
ORD-0008,5/3/2025,Mouse,Electronics,9,West,25.76,231.84
ORD-0009,1/29/2025,Printer,Electronics,8,East,173.31,1386.48
ORD-0010,5/17/2025,Notebook,Stationery,1,North,7.61,7.61
ORD-0011,7/14/2025,Headphones,Electronics,6,East,85.11,510.66
ORD-0012,8/14/2025,Printer,Electronics,5,East,193.67,968.35
ORD-0013,11/28/2025,Backpack,Stationery,6,North,35.18,211.08
ORD-0014,6/19/2025,Backpack,Stationery,10,East,33.21,332.1
ORD-0015,1/9/2025,Office Chair,Furniture,5,North,147.61,738.05
ORD-0016,2/9/2025,Mouse,Electronics,6,North,22.94,137.64
ORD-0017,1/25/2025,Keyboard,Electronics,5,West,46.97,234.85
ORD-0018,9/18/2025,Office Chair,,5,South,157.44,787.2
ORD-0019,8/14/2025,Office Chair,Furniture,4,South,172.97,691.88
ORD-0020,5/4/2025,Headphones,Electronics,3,East,83.83,251.49
ORD-0021,2/7/2025,Monitor,Electronics,3,East,206.42,619.26
ORD-0022,11/24/2025,Mouse,Electronics,4,West,25.57,102.28
ORD-0023,9/8/2025,Smartphone,Electronics,9,West,641.62,5774.58
ORD-0024,6/25/2025,Office Chair,Furniture,2,West,162.47,324.94
ORD-0025,3/31/2025,USB Cable,Accessories,9,North,12.57,113.13
ORD-0026,2/6/2025,Tablet,Electronics,1,West,445.72,445.72
ORD-0027,11/12/2025,Monitor,Electronics,1,West,235.12,235.12
ORD-0028,6/25/2025,Smartphone,Electronics,5,East,618.02,3090.1
ORD-0029,10/11/2025,USB Cable,Accessories,6,West,10.87,65.22
ORD-0030,3/22/2025,Mouse,Electronics,6,North,26.2,157.2
ORD-0031,4/24/2025,Laptop,Electronics,3,North,875.21,2625.63
ORD-0032,2/9/2025,USB Cable,Accessories,7,East,11.56,80.92
ORD-0033,10/28/2025,Notebook,Stationery,9,West,7.21,64.89
ORD-0034,8/12/2025,Monitor,Electronics,10,West,227.99,2279.9
ORD-0035,11/14/2025,Webcam,Electronics,8,North,65.34,522.72
ORD-0036,12/15/2025,USB Cable,Accessories,6,West,12.37,74.22
ORD-0037,4/25/2025,Desk,Furniture,8,West,263.6,2108.8
ORD-0038,7/5/2025,Laptop,Electronics,5,West,868.81,4344.05
ORD-0039,11/19/2025,Backpack,Stationery,8,South,32.04,256.32
ORD-0040,2/25/2025,Backpack,Stationery,10,East,33.88,338.8
ORD-0041,2/9/2025,Desk Lamp,Furniture,4,South,32.2,128.8
ORD-0042,12/20/2025,Notebook,Stationery,10,East,7.54,75.4
ORD-0043,2/9/2025,USB Cable,Accessories,8,North,11.66,93.28
ORD-0044,12/13/2025,USB Cable,Accessories,10,West,10.96,109.6
ORD-0045,8/25/2025,Desk Lamp,Furniture,2,East,31.58,63.16
ORD-0046,10/16/2025,Tablet,Electronics,5,South,412.3,2061.5
ORD-0047,9/19/2025,Tablet,Electronics,9,West,441.78,3976.02
ORD-0048,8/4/2025,Desk Lamp,Furniture,4,North,32.42,129.68
ORD-0049,5/27/2025,Tablet,Electronics,6,East,397.55,2385.3
ORD-0050,12/2/2025,Headphones,Electronics,1,East,84.92,84.92
ORD-0051,6/17/2025,USB Cable,Accessories,9,East,10.94,98.46
ORD-0052,4/2/2025,Printer,Electronics,1,West,194.36,194.36
ORD-0053,12/19/2025,Keyboard,Electronics,5,South,46.36,231.8
ORD-0054,2/28/2025,Desk,Furniture,4,South,257.96,1031.84
ORD-0055,2/28/2025,Headphones,Electronics,3,East,72,216
ORD-0056,10/31/2025,Mouse,Electronics,6,North,23.35,140.1
ORD-0057,6/18/2025,Headphones,Electronics,2,North,78.24,156.48
ORD-0058,9/26/2025,Printer,Electronics,3,South,175.66,526.98
ORD-0059,12/29/2025,Mouse,Electronics,5,North,23.63,118.15
ORD-0060,2/14/2025,Desk,Furniture,9,South,234.32,2108.88
ORD-0061,12/11/2025,Printer,Electronics,2,East,166.64,333.28
ORD-0062,6/30/2025,Smartphone,Electronics,10,South,638.66,6386.6
ORD-0063,6/19/2025,Keyboard,Electronics,8,South,47.72,381.76
ORD-0064,12/22/2025,Desk,Furniture,2,East,239,478
ORD-0065,7/10/2025,USB Cable,Accessories,5,North,10.84,54.2
ORD-0066,6/4/2025,Tablet,Electronics,7,South,413.4,2893.8
ORD-0067,7/7/2025,Smartphone,Electronics,8,South,588.53,4708.24
ORD-0068,1/7/2025,Notebook,Stationery,1,East,8.75,8.75
ORD-0069,5/13/2025,Desk,Furniture,6,North,222.12,1332.72
ORD-0070,8/23/2025,Notebook,Stationery,1,South,8.33,8.33
ORD-0071,2/14/2025,Mouse,Electronics,2,East,27.36,54.72
ORD-0072,11/10/2025,Smartphone,Electronics,1,South,692.39,692.39
ORD-0073,9/6/2025,Keyboard,Electronics,5,West,46.79,233.95
ORD-0074,1/31/2025,USB Cable,Accessories,10,East,12.81,128.1
ORD-0075,1/23/2025,Desk Lamp,Furniture,9,North,32.89,296.01
ORD-0076,6/9/2025,USB Cable,Accessories,6,North,12.29,73.74
ORD-0077,12/29/2025,Printer,Electronics,1,North,182.13,182.13
ORD-0078,6/7/2025,USB Cable,Accessories,1,North,12.31,12.31
ORD-0079,2/8/2025,Webcam,Electronics,2,South,70.46,140.92
ORD-0080,3/23/2025,Office Chair,Furniture,9,South,164.32,1478.88
ORD-0081,12/22/2025,Desk Lamp,Furniture,3,North,29.7,89.1
ORD-0082,9/15/2025,Headphones,Electronics,1,North,75.5,75.5
ORD-0083,7/25/2025,Tablet,Electronics,5,North,388.1,1940.5
ORD-0084,3/18/2025,Laptop,Electronics,7,South,867.98,6075.86
ORD-0085,1/12/2025,Keyboard,Electronics,6,North,42.87,257.22
ORD-0086,10/22/2025,Smartphone,Electronics,1,North,591,591
ORD-0087,8/12/2025,Office Chair,Furniture,5,West,162.15,810.75
ORD-0088,1/13/2025,Keyboard,Electronics,5,West,43.05,215.25
ORD-0089,2/15/2025,Smartphone,Electronics,6,North,692.19,4153.14
ORD-0090,6/4/2025,Tablet,Electronics,3,East,384.24,1152.72
ORD-0091,4/23/2025,Monitor,Electronics,5,North,207.96,1039.8
ORD-0092,8/21/2025,Monitor,Electronics,7,West,230.13,1610.91
ORD-0093,1/17/2025,Notebook,Stationery,5,East,8.16,40.8
ORD-0094,12/26/2025,Keyboard,Electronics,5,East,41.08,205.4
ORD-0095,8/11/2025,Monitor,Electronics,5,North,236.6,1183
ORD-0096,12/20/2025,Webcam,Electronics,10,West,75.28,752.8
ORD-0097,7/7/2025,Desk Lamp,Furniture,10,West,28.98,289.8
ORD-0098,12/10/2025,Smartphone,Electronics,3,East,629.25,1887.75
ORD-0099,12/31/2025,Notebook,Stationery,1,North,8.78,8.78
ORD-0100,6/12/2025,USB Cable,Accessories,5,South,12.3,61.5
ORD-0101,11/22/2025,Smartphone,Electronics,9,South,654.07,5886.63
ORD-0102,3/15/2025,Notebook,Stationery,1,West,8.54,8.54
ORD-0103,8/21/2025,Tablet,Electronics,3,South,401.96,1205.88
ORD-0104,8/12/2025,Keyboard,Electronics,4,West,44.36,177.44
ORD-0105,11/15/2025,Tablet,Electronics,1,West,400.49,400.49
ORD-0106,3/1/2025,Desk Lamp,Furniture,1,West,31.73,31.73
ORD-0107,12/1/2025,Desk Lamp,Furniture,8,South,30.44,243.52
ORD-0108,8/10/2025,Office Chair,Furniture,2,West,165.08,330.16
ORD-0109,2/6/2025,Tablet,Electronics,8,East,399.19,3193.52
ORD-0110,10/5/2025,Printer,Electronics,7,North,169.93,1189.51
ORD-0111,7/15/2025,USB Cable,Accessories,10,North,11.97,119.7
ORD-0112,12/18/2025,Desk,Furniture,10,West,251.4,2514
ORD-0113,8/30/2025,Tablet,Electronics,2,North,422.12,844.24
ORD-0114,11/20/2025,Office Chair,Furniture,6,South,145.04,870.24
ORD-0115,8/7/2025,Mouse,Electronics,6,South,26.84,161.04
ORD-0116,7/11/2025,Webcam,Electronics,3,North,63.91,191.73
ORD-0117,1/17/2025,Smartphone,Electronics,2,South,709.26,1418.52
ORD-0118,1/12/2025,Desk Lamp,Furniture,1,North,27.15,27.15
ORD-0119,7/12/2025,Mouse,Electronics,6,North,25.97,155.82
ORD-0120,1/22/2025,Office Chair,Furniture,5,North,146.63,733.15
ORD-0121,4/30/2025,Notebook,Stationery,9,West,8.66,77.94
ORD-0122,7/29/2025,Desk,Furniture,1,North,238.29,238.29
ORD-0123,11/2/2025,USB Cable,Accessories,7,West,11.13,77.91
ORD-0124,9/27/2025,USB Cable,Accessories,5,North,11.62,58.1
ORD-0125,7/11/2025,USB Cable,Accessories,5,North,11.2,56
ORD-0126,6/24/2025,Webcam,Electronics,2,North,65.39,130.78
ORD-0127,10/12/2025,Desk,Furniture,3,South,261.51,784.53
ORD-0128,7/23/2025,Webcam,Electronics,7,West,69.23,484.61
ORD-0129,6/13/2025,Desk Lamp,Furniture,6,West,31.73,190.38
ORD-0130,9/8/2025,Webcam,Electronics,2,North,71.95,143.9
ORD-0131,8/15/2025,Laptop,Electronics,6,North,983.52,5901.12
ORD-0132,1/7/2025,Desk,Furniture,2,South,222.32,444.64
ORD-0133,1/29/2025,Printer,Electronics,2,South,170.43,340.86
ORD-0134,2/2/2025,Desk,Furniture,2,South,253.76,507.52
ORD-0135,5/14/2025,Office Chair,Furniture,3,West,175.06,525.18
ORD-0136,3/20/2025,Laptop,Electronics,2,West,904.91,1809.82
ORD-0137,2/27/2025,USB Cable,Accessories,4,West,11.45,45.8
ORD-0138,1/26/2025,Office Chair,Furniture,9,North,159.13,1432.17
ORD-0139,8/14/2025,Office Chair,Furniture,6,West,175.48,1052.88
ORD-0140,10/12/2025,Desk Lamp,Furniture,1,East,28.61,28.61
ORD-0141,1/4/2025,Backpack,Stationery,8,East,34.35,274.8
ORD-0142,4/9/2025,Headphones,Electronics,7,South,86.26,603.82
ORD-0143,2/8/2025,Laptop,Electronics,10,West,855.55,8555.5
ORD-0144,9/28/2025,Office Chair,Furniture,3,East,145.27,435.81
ORD-0145,10/12/2025,Headphones,Electronics,1,South,81.67,81.67
ORD-0146,6/6/2025,Headphones,Electronics,5,West,86.52,432.6
ORD-0147,3/16/2025,Laptop,Electronics,4,North,900.38,3601.52
ORD-0148,10/15/2025,Backpack,Stationery,10,East,34.79,347.9
ORD-0149,5/10/2025,Mouse,Electronics,8,North,24.75,198
ORD-0150,6/24/2025,Notebook,Stationery,1,West,7.96,7.96
ORD-0151,3/25/2025,Printer,Electronics,10,East,184.41,1844.1
ORD-0152,1/22/2025,Notebook,Stationery,1,West,7.95,7.95
ORD-0153,1/27/2025,Desk,Furniture,4,North,237.48,949.92
ORD-0154,7/14/2025,USB Cable,Accessories,8,East,11.94,95.52
ORD-0155,12/3/2025,Printer,Electronics,5,North,183.27,916.35
ORD-0156,8/24/2025,Desk,Furniture,2,West,241.78,483.56
ORD-0157,4/2/2025,Office Chair,Furniture,6,West,171.33,1027.98
ORD-0158,1/21/2025,USB Cable,Accessories,5,North,10.92,54.6
ORD-0159,10/30/2025,Smartphone,Electronics,2,East,693.33,1386.66
ORD-0160,12/23/2025,Laptop,Electronics,3,North,1015.35,3046.05
ORD-0161,3/25/2025,Printer,Electronics,9,West,172.26,1550.34
ORD-0162,9/19/2025,Printer,Electronics,7,North,178.66,1250.62
ORD-0163,5/27/2025,Tablet,Electronics,7,West,414.84,2903.88
ORD-0164,9/14/2025,Office Chair,Furniture,6,North,150.99,905.94
ORD-0165,2/27/2025,Mouse,Electronics,8,East,24.48,195.84
ORD-0166,1/15/2025,Headphones,Electronics,4,East,72.71,290.84
ORD-0167,6/11/2025,USB Cable,Accessories,8,North,11.47,91.76
ORD-0168,6/12/2025,Office Chair,Furniture,4,North,170.13,680.52
ORD-0169,11/16/2025,Monitor,Electronics,8,East,210.52,1684.16
ORD-0170,10/8/2025,Backpack,Stationery,9,West,37.23,335.07
ORD-0171,10/7/2025,Headphones,Electronics,3,East,80.51,241.53
ORD-0172,1/12/2025,Laptop,Electronics,3,West,1022.17,3066.51
ORD-0173,10/1/2025,Headphones,Electronics,2,North,81.2,162.4
ORD-0174,9/28/2025,Mouse,Electronics,10,North,22.65,226.5
ORD-0175,7/27/2025,Desk Lamp,Furniture,3,West,31.05,93.15
ORD-0176,1/27/2025,Tablet,Electronics,3,North,381.77,1145.31
ORD-0177,3/13/2025,Headphones,Electronics,5,West,79.21,396.05
ORD-0178,3/1/2025,Laptop,Electronics,5,South,1031.59,5157.95
ORD-0179,5/25/2025,Mouse,Electronics,2,East,23.33,46.66
ORD-0180,4/3/2025,Notebook,Stationery,10,South,7.82,78.2
ORD-0181,11/5/2025,Printer,Electronics,6,West,188.27,1129.62
ORD-0182,1/8/2025,Desk Lamp,Furniture,5,East,32.29,161.45
ORD-0183,3/20/2025,Tablet,Electronics,6,West,434.36,2606.16
ORD-0184,1/27/2025,Printer,Electronics,1,East,171.29,171.29
ORD-0185,6/23/2025,Backpack,Stationery,5,East,36.22,181.1
ORD-0186,2/19/2025,Desk,Furniture,9,East,230.24,2072.16
ORD-0187,7/18/2025,Desk Lamp,Furniture,10,East,31.31,313.1
ORD-0188,12/15/2025,Desk Lamp,Furniture,2,West,32.72,65.44
ORD-0189,6/30/2025,Notebook,Stationery,1,East,8.35,8.35
ORD-0190,1/24/2025,Notebook,Stationery,10,East,8.58,85.8
ORD-0191,11/12/2025,USB Cable,Accessories,9,South,10.81,97.29
ORD-0192,2/15/2025,Webcam,Electronics,10,North,73.05,730.5
ORD-0193,1/15/2025,Headphones,Electronics,9,North,85.27,767.43
ORD-0194,6/2/2025,Desk Lamp,Furniture,9,South,27.24,245.16
ORD-0195,8/10/2025,Printer,Electronics,6,South,193.38,1160.28
ORD-0196,7/25/2025,Laptop,Electronics,8,West,903.77,7230.16
ORD-0197,9/30/2025,Keyboard,Electronics,1,West,46.49,46.49
ORD-0198,8/24/2025,Webcam,Electronics,10,West,74.2,742
ORD-0199,12/6/2025,Keyboard,Electronics,4,South,46.46,185.84
ORD-0200,8/16/2025,Tablet,Electronics,1,South,385.75,385.75
ORD-0201,1/9/2025,Mouse,Electronics,8,East,25.48,203.84
ORD-0202,6/15/2025,Printer,Electronics,1,West,181.79,181.79
ORD-0203,11/15/2025,Printer,Electronics,3,West,194.41,583.23
ORD-0204,8/2/2025,Webcam,Electronics,4,West,68.66,274.64
ORD-0205,4/27/2025,Desk Lamp,Furniture,8,North,28.93,231.44
ORD-0206,12/10/2025,Backpack,Stationery,6,East,36.75,220.5
ORD-0207,3/13/2025,Webcam,Electronics,10,West,68.78,687.8
ORD-0208,3/5/2025,Keyboard,Electronics,7,West,46.31,324.17
ORD-0209,7/24/2025,Webcam,Electronics,8,West,72.05,576.4
ORD-0210,7/28/2025,Printer,Electronics,2,North,193.97,387.94
ORD-0211,3/13/2025,Backpack,Stationery,10,North,35.69,356.9
ORD-0212,10/4/2025,Headphones,Electronics,8,South,80.03,640.24
ORD-0213,10/1/2025,Monitor,Electronics,3,East,204.11,612.33
ORD-0214,11/16/2025,USB Cable,Accessories,7,South,11.08,77.56
ORD-0215,12/4/2025,Smartphone,Electronics,3,East,605.06,1815.18
ORD-0216,4/5/2025,Notebook,Stationery,7,North,7.47,52.29
ORD-0217,6/15/2025,Webcam,Electronics,2,West,71.93,143.86
ORD-0218,2/1/2025,Tablet,Electronics,10,South,440.24,4402.4
ORD-0219,1/11/2025,Desk,Furniture,6,West,241.44,1448.64
ORD-0220,10/28/2025,Mouse,Electronics,3,South,26.65,79.95
ORD-0221,8/5/2025,Monitor,Electronics,3,North,241.62,724.86
ORD-0222,10/16/2025,USB Cable,Accessories,9,North,12.77,114.93
ORD-0223,4/12/2025,USB Cable,Accessories,7,North,12.47,87.29
ORD-0224,9/24/2025,USB Cable,Accessories,5,South,12.08,60.4
ORD-0225,8/2/2025,USB Cable,Accessories,10,East,11.88,118.8
ORD-0226,6/28/2025,Keyboard,Electronics,7,South,41.26,288.82
ORD-0227,3/29/2025,Tablet,Electronics,9,East,411.55,3703.95
ORD-0228,2/10/2025,Tablet,Electronics,1,South,454.45,454.45
ORD-0229,3/17/2025,Backpack,Stationery,7,South,37.16,260.12
ORD-0230,2/15/2025,Notebook,Stationery,6,North,7.55,45.3
ORD-0231,6/9/2025,Printer,Electronics,10,West,178.8,1788
ORD-0232,3/21/2025,USB Cable,Accessories,9,West,12.76,114.84
ORD-0233,11/6/2025,Desk,Furniture,1,East,219.23,219.23
ORD-0234,3/27/2025,Printer,Electronics,4,West,175.95,703.8
ORD-0235,4/2/2025,Tablet,Electronics,9,South,449.55,4045.95
ORD-0236,5/28/2025,Laptop,Electronics,4,South,931.74,3726.96
ORD-0237,6/10/2025,Laptop,Electronics,10,North,869.75,8697.5
ORD-0238,7/21/2025,Desk,Furniture,3,North,242.04,726.12
ORD-0239,8/30/2025,Backpack,Stationery,9,West,37.53,337.77
ORD-0240,12/19/2025,Tablet,Electronics,2,East,427.58,855.16
ORD-0241,1/2/2025,Desk,Furniture,4,West,226.86,907.44
ORD-0242,8/13/2025,Keyboard,Electronics,6,West,43.96,263.76
ORD-0243,10/16/2025,Webcam,Electronics,2,West,69.3,138.6
ORD-0244,8/21/2025,Desk,Furniture,8,West,243.8,1950.4
ORD-0245,3/18/2025,Headphones,Electronics,8,South,84.15,673.2
ORD-0246,4/26/2025,Printer,Electronics,1,East,165.56,165.56
ORD-0247,6/3/2025,Monitor,Electronics,3,South,237.14,711.42
ORD-0248,4/13/2025,Office Chair,Furniture,10,East,144.39,1443.9
ORD-0249,7/13/2025,Backpack,Stationery,9,North,34.09,306.81
ORD-0250,6/15/2025,Desk,Furniture,5,West,217.32,1086.6
ORD-0251,12/25/2025,Tablet,Electronics,6,South,411.01,2466.06
ORD-0252,3/31/2025,Mouse,Electronics,4,East,25.13,100.52
ORD-0253,6/23/2025,Laptop,Electronics,10,North,952.22,9522.2
ORD-0254,5/2/2025,Headphones,Electronics,2,North,74.65,149.3
ORD-0255,5/23/2025,Notebook,Stationery,8,West,8.23,65.84
ORD-0256,4/16/2025,USB Cable,Accessories,6,East,10.91,65.46
ORD-0257,11/1/2025,Office Chair,Furniture,5,South,168.38,841.9
ORD-0258,12/26/2025,Desk Lamp,Furniture,9,West,32.68,294.12
ORD-0259,11/13/2025,Backpack,Stationery,1,South,33.88,33.88
ORD-0260,5/3/2025,Monitor,Electronics,5,North,220.76,1103.8
ORD-0261,1/9/2025,Office Chair,Furniture,6,South,156.13,936.78
ORD-0262,9/19/2025,Desk,Furniture,5,South,216.32,1081.6
ORD-0263,3/14/2025,Keyboard,Electronics,6,West,43.97,263.82
ORD-0264,12/25/2025,Laptop,Electronics,6,South,1005.43,6032.58
ORD-0265,8/11/2025,Tablet,Electronics,7,,428.06,2996.42
ORD-0266,2/10/2025,Laptop,Electronics,4,North,874.24,3496.96
ORD-0267,7/23/2025,Notebook,Stationery,8,West,8.56,68.48
ORD-0268,9/21/2025,Keyboard,Electronics,7,West,45.28,316.96
ORD-0269,11/24/2025,USB Cable,Accessories,9,East,12.82,115.38
ORD-0270,6/27/2025,Tablet,Electronics,7,South,426.74,2987.18
ORD-0271,12/14/2025,Printer,Electronics,3,North,182.15,546.45
ORD-0272,11/14/2025,Smartphone,Electronics,3,West,598.68,1796.04
ORD-0273,3/25/2025,Headphones,Electronics,8,North,74.68,597.44
ORD-0274,11/14/2025,Laptop,Electronics,5,East,1039.68,5198.4
ORD-0275,4/21/2025,Mouse,Electronics,4,South,23.64,94.56
ORD-0276,9/8/2025,Laptop,Electronics,8,West,1040.72,8325.76
ORD-0277,1/7/2025,Office Chair,Furniture,6,South,161.02,966.12
ORD-0278,3/25/2025,Laptop,Electronics,2,East,880.8,1761.6
ORD-0279,7/27/2025,Backpack,Stationery,4,East,32.2,128.8
ORD-0280,11/10/2025,Laptop,Electronics,4,North,894.68,3578.72
ORD-0281,1/22/2025,Smartphone,Electronics,6,West,705.33,4231.98
ORD-0282,1/3/2025,Smartphone,Electronics,6,North,638.84,3833.04
ORD-0283,5/7/2025,USB Cable,Accessories,1,East,11.75,11.75
ORD-0284,10/24/2025,Monitor,Electronics,8,South,211.78,1694.24
ORD-0285,7/7/2025,Printer,Electronics,6,North,167.29,1003.74
ORD-0286,12/28/2025,Mouse,Electronics,3,North,24.94,74.82
ORD-0287,1/14/2025,Laptop,Electronics,9,South,879.71,7917.39
ORD-0288,1/12/2025,Laptop,Electronics,2,North,1013.74,2027.48
ORD-0289,3/28/2025,Headphones,Electronics,8,South,77.93,623.44
ORD-0290,1/12/2025,Tablet,Electronics,10,West,409.48,4094.8
ORD-0291,1/25/2025,Smartphone,Electronics,3,South,646.62,1939.86
ORD-0292,10/28/2025,Mouse,Electronics,5,West,24.72,123.6
ORD-0293,8/31/2025,USB Cable,Accessories,6,South,13.19,79.14
ORD-0294,5/2/2025,Notebook,Stationery,10,East,8.07,80.7
ORD-0295,5/27/2025,Monitor,Electronics,6,East,201.88,1211.28
ORD-0296,2/24/2025,Printer,Electronics,4,West,183.85,735.4
ORD-0297,8/26/2025,Keyboard,Electronics,3,West,41.86,125.58
ORD-0298,12/22/2025,Printer,Electronics,4,East,163.11,652.44
ORD-0299,6/22/2025,Backpack,Stationery,1,West,38.3,38.3
ORD-0300,8/9/2025,Office Chair,Furniture,4,South,168.75,675
ORD-0301,4/29/2025,Backpack,Stationery,1,South,38.36,38.36
ORD-0302,11/5/2025,Laptop,Electronics,1,East,945.8,945.8
ORD-0303,7/2/2025,Desk Lamp,Furniture,10,North,30.19,301.9
ORD-0304,10/15/2025,Monitor,Electronics,6,South,205.41,1232.46
ORD-0305,11/3/2025,Office Chair,Furniture,5,West,151.9,759.5
ORD-0306,10/27/2025,Mouse,Electronics,4,North,26.69,106.76
ORD-0307,3/23/2025,Keyboard,Electronics,3,North,43.71,131.13
ORD-0308,7/30/2025,Smartphone,Electronics,1,South,692.49,692.49
ORD-0309,5/30/2025,Monitor,Electronics,6,South,229.2,1375.2
ORD-0310,2/6/2025,Monitor,Electronics,2,North,205.8,411.6
ORD-0311,12/18/2025,Backpack,Stationery,8,North,35.05,280.4
ORD-0312,11/8/2025,Desk Lamp,Furniture,10,East,31.06,310.6
ORD-0313,12/27/2025,Laptop,Electronics,5,West,899.66,4498.3
ORD-0314,2/28/2025,Desk,Furniture,7,East,255.87,1791.09
ORD-0315,5/11/2025,USB Cable,Accessories,10,South,12.11,121.1
ORD-0316,7/21/2025,Backpack,Stationery,2,East,32.66,65.32
ORD-0317,8/31/2025,Monitor,Electronics,8,East,223.65,1789.2
ORD-0318,2/4/2025,Webcam,Electronics,2,East,77,154
ORD-0319,4/3/2025,Headphones,Electronics,4,East,74.41,297.64
ORD-0320,7/26/2025,Keyboard,Electronics,1,West,47.85,47.85
ORD-0321,12/19/2025,USB Cable,Accessories,5,West,11.3,56.5
ORD-0322,11/28/2025,Backpack,Stationery,9,North,36.98,332.82
ORD-0323,11/1/2025,Keyboard,Electronics,1,South,47.11,47.11
ORD-0324,12/16/2025,Headphones,Electronics,9,East,76.81,691.29
ORD-0325,8/1/2025,Notebook,Stationery,8,North,7.72,61.76
ORD-0326,6/8/2025,Headphones,Electronics,6,North,84.68,508.08
ORD-0327,1/24/2025,Desk Lamp,Furniture,7,North,29.77,208.39
ORD-0328,10/20/2025,Headphones,Electronics,3,West,83.69,251.07
ORD-0329,1/4/2025,Keyboard,Electronics,1,East,41.83,41.83
ORD-0330,8/8/2025,Printer,Electronics,5,East,192.69,963.45
ORD-0331,12/30/2025,Keyboard,Electronics,2,South,46.9,93.8
ORD-0332,1/20/2025,Desk,Furniture,5,East,259.53,1297.65
ORD-0333,6/1/2025,Laptop,Electronics,8,East,880.15,7041.2
ORD-0334,2/19/2025,Office Chair,Furniture,9,North,162.98,1466.82
ORD-0335,6/26/2025,Printer,Electronics,2,South,183.57,367.14
ORD-0336,4/6/2025,Smartphone,Electronics,3,East,630.95,1892.85
ORD-0337,4/15/2025,Office Chair,Furniture,3,West,158.67,476.01
ORD-0338,9/7/2025,Laptop,Electronics,1,East,862.22,862.22
ORD-0339,4/27/2025,Backpack,Stationery,8,North,36.72,293.76
ORD-0340,12/20/2025,USB Cable,Accessories,6,West,12.12,72.72
ORD-0341,8/16/2025,Desk,Furniture,8,North,218.77,1750.16
ORD-0342,3/7/2025,Desk,Furniture,9,East,248.68,2238.12
ORD-0343,12/1/2025,Smartphone,Electronics,5,West,645.68,3228.4
ORD-0344,9/19/2025,Printer,Electronics,3,South,163.24,489.72
ORD-0345,10/22/2025,Desk Lamp,Furniture,5,South,32.82,164.1
ORD-0346,8/31/2025,Tablet,Electronics,5,West,457.73,2288.65
ORD-0347,7/5/2025,Notebook,Stationery,5,West,8.02,40.1
ORD-0348,9/3/2025,Headphones,Electronics,3,North,73.5,220.5
ORD-0349,5/5/2025,Printer,Electronics,10,West,189.17,1891.7
ORD-0350,9/25/2025,USB Cable,Accessories,4,North,11.98,47.92
ORD-0351,5/11/2025,Notebook,Stationery,9,East,7.68,69.12
ORD-0352,8/25/2025,Desk,Furniture,10,North,239.59,2395.9
ORD-0353,1/18/2025,Keyboard,Electronics,9,West,45.2,406.8
ORD-0354,2/9/2025,USB Cable,Accessories,2,West,12.15,24.3
ORD-0355,1/21/2025,Laptop,Electronics,8,East,938.83,7510.64
ORD-0356,8/13/2025,Smartphone,Electronics,8,West,663.75,5310
ORD-0357,12/21/2025,Laptop,Electronics,7,West,1029.56,7206.92
ORD-0358,10/9/2025,Tablet,Electronics,8,South,408.43,3267.44
ORD-0359,1/8/2025,USB Cable,Accessories,3,South,12.54,37.62
ORD-0360,4/10/2025,Mouse,Electronics,6,East,26.97,161.82
ORD-0361,8/28/2025,Mouse,Electronics,1,North,24.78,24.78
ORD-0362,3/28/2025,Backpack,Stationery,7,South,34.6,242.2
ORD-0363,10/25/2025,Printer,Electronics,1,North,183.68,183.68
ORD-0364,1/14/2025,Desk,Furniture,9,West,244.39,2199.51
ORD-0365,11/30/2025,Desk,Furniture,1,South,254.72,254.72
ORD-0366,1/2/2025,Headphones,Electronics,1,East,79.62,79.62
ORD-0367,10/20/2025,Headphones,Electronics,7,East,87.94,615.58
ORD-0368,11/21/2025,Headphones,Electronics,2,East,72.95,145.9
ORD-0369,2/10/2025,Keyboard,Electronics,5,South,40.53,202.65
ORD-0370,11/14/2025,Office Chair,Furniture,8,North,164.49,1315.92
ORD-0371,11/12/2025,Monitor,Electronics,8,West,211.13,1689.04
ORD-0372,4/21/2025,Office Chair,Furniture,3,North,151.69,455.07
ORD-0373,1/14/2025,Laptop,Electronics,7,North,914.26,6399.82
ORD-0374,8/19/2025,Office Chair,Furniture,3,West,152.19,456.57
ORD-0375,3/25/2025,Keyboard,Electronics,6,West,40.78,244.68
ORD-0376,5/10/2025,Backpack,Stationery,6,South,38.3,229.8
ORD-0377,8/19/2025,Laptop,Electronics,3,South,896.94,2690.82
ORD-0378,11/22/2025,Office Chair,Furniture,7,South,167.49,1172.43
ORD-0379,5/25/2025,Keyboard,Electronics,3,South,47.36,142.08
ORD-0380,12/11/2025,Monitor,Electronics,8,South,238.89,1911.12
ORD-0381,1/28/2025,Office Chair,Furniture,10,West,144.98,1449.8
ORD-0382,3/7/2025,Keyboard,Electronics,4,North,48.35,193.4
ORD-0383,6/12/2025,Tablet,Electronics,1,South,422.29,422.29
ORD-0384,8/17/2025,Headphones,Electronics,4,South,82.12,328.48
ORD-0385,9/18/2025,Tablet,Electronics,7,North,432.14,3024.98
ORD-0386,6/13/2025,Desk,Furniture,4,South,255.35,1021.4
ORD-0387,10/28/2025,Headphones,Electronics,6,North,77.33,463.98
ORD-0388,10/30/2025,Desk,Furniture,9,North,251.19,2260.71
ORD-0389,10/14/2025,Webcam,Electronics,1,West,70.4,70.4
ORD-0390,1/10/2025,Smartphone,Electronics,five,East,688.14,3440.7
ORD-0391,7/14/2025,Tablet,Electronics,7,West,461.21,3228.47
ORD-0392,4/28/2025,Smartphone,Electronics,1,East,611.08,611.08
ORD-0393,9/27/2025,Smartphone,Electronics,4,East,714.3,2857.2
ORD-0394,3/21/2025,Monitor,Electronics,6,East,201.95,1211.7
ORD-0395,4/3/2025,Headphones,Electronics,2,South,72.04,144.08
ORD-0396,9/23/2025,Webcam,Electronics,10,West,63.62,636.2
ORD-0397,11/28/2025,Desk,Furniture,5,East,232.41,1162.05
ORD-0398,12/16/2025,Keyboard,Electronics,10,North,46.2,462
ORD-0399,12/27/2025,Laptop,Electronics,1,South,868.12,868.12
ORD-0400,9/14/2025,Keyboard,Electronics,6,West,40.55,243.3
ORD-0401,5/13/2025,Laptop,Electronics,6,East,1033.05,6198.3
ORD-0402,10/3/2025,Tablet,Electronics,4,North,447.04,1788.16
ORD-0403,9/21/2025,Mouse,Electronics,8,West,26.55,212.4
ORD-0404,6/20/2025,Keyboard,Electronics,4,West,48.46,193.84
ORD-0405,1/1/2025,Office Chair,Furniture,8,South,166.4,1331.2
ORD-0406,11/9/2025,Office Chair,Furniture,8,West,147.34,1178.72
ORD-0407,3/5/2025,Printer,Electronics,5,South,176.37,881.85
ORD-0408,10/11/2025,Headphones,Electronics,4,East,83.57,334.28
ORD-0409,5/1/2025,Laptop,Electronics,2,South,908.26,1816.52
ORD-0410,4/17/2025,Laptop,Electronics,3,North,985.61,2956.83
ORD-0411,6/24/2025,USB Cable,Accessories,3,South,10.86,32.58
ORD-0412,7/23/2025,Backpack,Stationery,4,North,33.64,134.56
ORD-0413,6/14/2025,Headphones,Electronics,4,South,80.79,323.16
ORD-0414,11/1/2025,Monitor,Electronics,10,West,225.81,2258.1
ORD-0415,4/30/2025,Printer,Electronics,5,East,182.77,913.85
ORD-0416,2/13/2025,Monitor,Electronics,4,North,228.7,914.8
ORD-0417,11/8/2025,Tablet,Electronics,10,South,378.51,3785.1
ORD-0418,6/5/2025,Tablet,Electronics,8,South,386.48,3091.84
ORD-0419,7/26/2025,Monitor,Electronics,6,South,236.23,1417.38
ORD-0420,4/18/2025,Monitor,Electronics,6,West,228,1368
ORD-0421,9/8/2025,Webcam,Electronics,8,West,64.58,516.64
ORD-0422,11/30/2025,Headphones,Electronics,7,North,85.47,598.29
ORD-0423,5/10/2025,Monitor,Electronics,10,North,208.66,2086.6
ORD-0424,10/20/2025,Office Chair,Furniture,10,West,159.3,1593
ORD-0425,1/20/2025,Backpack,Stationery,8,North,32.52,260.16
ORD-0426,10/9/2025,Backpack,Stationery,2,East,36.47,72.94
ORD-0427,10/12/2025,Smartphone,Electronics,9,East,671.69,6045.21
ORD-0428,1/1/2025,Mouse,Electronics,1,West,23.56,23.56
ORD-0429,4/29/2025,Tablet,Electronics,8,North,450.53,3604.24
ORD-0430,2/4/2025,Laptop,Electronics,4,South,931.25,3725
ORD-0431,7/17/2025,USB Cable,Accessories,4,East,11.5,46
ORD-0432,9/2/2025,Desk Lamp,Furniture,5,West,27.91,139.55
ORD-0433,2/28/2025,Laptop,Electronics,8,North,905.57,7244.56
ORD-0434,11/21/2025,Mouse,Electronics,5,West,22.61,113.05
ORD-0435,6/10/2025,USB Cable,Accessories,8,South,12.2,97.6
ORD-0436,6/28/2025,Webcam,Electronics,10,East,74.79,747.9
ORD-0437,7/25/2025,Headphones,Electronics,1,West,80.78,80.78
ORD-0438,1/12/2025,Keyboard,Electronics,10,West,42.47,424.7
ORD-0439,10/3/2025,Headphones,Electronics,9,West,72.54,652.86
ORD-0440,6/30/2025,Laptop,Electronics,6,South,895.78,5374.68
ORD-0441,8/30/2025,Laptop,Electronics,3,West,934.06,2802.18
ORD-0442,8/4/2025,USB Cable,Accessories,8,South,12.62,100.96
ORD-0443,9/8/2025,USB Cable,Accessories,9,South,11.25,101.25
ORD-0444,10/26/2025,Tablet,Electronics,6,South,438.46,2630.76
ORD-0445,5/6/2025,Webcam,Electronics,7,East,75.14,525.98
ORD-0446,8/5/2025,Tablet,Electronics,1,East,416.13,416.13
ORD-0447,11/2/2025,Mouse,Electronics,5,West,26.61,133.05
ORD-0448,10/12/2025,Monitor,Electronics,5,West,222.4,1112
ORD-0449,7/4/2025,Headphones,Electronics,10,East,82.19,821.9
ORD-0450,2/8/2025,USB Cable,Accessories,4,North,12.06,48.24
ORD-0451,8/11/2025,Desk,Furniture,6,East,238.23,1429.38
ORD-0452,7/3/2025,Mouse,Electronics,7,South,23.67,165.69
ORD-0453,6/27/2025,Office Chair,Furniture,9,East,153.7,1383.3
ORD-0454,10/21/2025,Webcam,Electronics,1,South,67.06,67.06
ORD-0455,12/6/2025,Laptop,Electronics,6,West,962.02,5772.12
ORD-0456,5/31/2025,Tablet,Electronics,7,North,388.08,2716.56
ORD-0457,5/6/2025,Mouse,Electronics,3,West,27.08,81.24
ORD-0458,10/28/2025,Desk Lamp,Furniture,8,South,31.32,250.56
ORD-0459,11/4/2025,Headphones,Electronics,5,South,78.42,392.1
ORD-0460,12/2/2025,USB Cable,Accessories,9,South,11.18,100.62
ORD-0461,8/22/2025,Laptop,Electronics,5,North,1022.58,5112.9
ORD-0462,1/8/2025,Keyboard,Electronics,9,East,47.91,431.19
ORD-0463,12/7/2025,Desk Lamp,Furniture,10,West,31.33,313.3
ORD-0464,5/9/2025,Webcam,Electronics,4,West,66.8,267.2
ORD-0465,9/21/2025,Mouse,Electronics,9,East,24.51,220.59
ORD-0466,6/6/2025,Printer,Electronics,5,West,165.7,828.5
ORD-0467,12/18/2025,Laptop,Electronics,10,North,890.92,8909.2
ORD-0468,12/24/2025,Headphones,Electronics,9,West,84.53,760.77
ORD-0469,1/5/2025,Smartphone,Electronics,3,South,677.96,2033.88
ORD-0470,3/27/2025,Desk,Furniture,4,East,244.49,977.96
ORD-0471,6/24/2025,Notebook,Stationery,9,North,8.63,77.67
ORD-0472,10/17/2025,Desk Lamp,Furniture,10,East,30.5,305
ORD-0473,7/12/2025,Monitor,Electronics,6,North,218.55,1311.3
ORD-0474,11/7/2025,Notebook,Stationery,2,South,7.74,15.48
ORD-0475,4/29/2025,Headphones,Electronics,7,East,87.05,609.35
ORD-0476,8/6/2025,Office Chair,Furniture,2,West,146.65,293.3
ORD-0477,4/24/2025,Tablet,Electronics,2,North,456.19,912.38
ORD-0478,5/25/2025,Office Chair,Furniture,1,East,170.45,170.45
ORD-0479,1/26/2025,Smartphone,Electronics,3,West,601.89,1805.67
ORD-0480,5/16/2025,Desk Lamp,Furniture,6,East,30.39,182.34
ORD-0481,10/30/2025,Monitor,Electronics,8,East,236.13,1889.04
ORD-0482,8/20/2025,Printer,Electronics,9,East,182.59,1643.31
ORD-0483,3/17/2025,Smartphone,Electronics,7,North,702.94,4920.58
ORD-0484,11/24/2025,Desk Lamp,Furniture,4,West,32.66,130.64
ORD-0485,12/11/2025,Backpack,Stationery,6,South,34.46,206.76
ORD-0486,10/29/2025,Notebook,Stationery,5,North,7.8,39
ORD-0487,10/16/2025,Smartphone,Electronics,8,North,706.72,5653.76
ORD-0488,1/1/2025,Notebook,Stationery,1,North,8.28,8.28
ORD-0489,5/27/2025,Laptop,Electronics,1,South,877.04,877.04
ORD-0490,10/14/2025,Office Chair,Furniture,6,West,145.35,872.1
ORD-0491,5/22/2025,Laptop,Electronics,10,West,962.28,9622.8
ORD-0492,2/22/2025,Desk,Furniture,2,West,260.65,521.3
ORD-0493,10/31/2025,Backpack,Stationery,5,East,37.41,187.05
ORD-0494,3/10/2025,Monitor,Electronics,1,East,227.74,227.74
ORD-0495,12/27/2025,Printer,Electronics,7,East,167.01,1169.07
ORD-0496,3/31/2025,Webcam,Electronics,1,South,66.56,66.56
ORD-0497,8/8/2025,Notebook,Stationery,4,East,8.6,34.4
ORD-0498,7/11/2025,Printer,Electronics,9,South,168.58,1517.22
ORD-0499,3/4/2025,Notebook,Stationery,1,West,7.65,7.65
ORD-0500,3/14/2025,Headphones,Electronics,4,East,74.07,296.28
ORD-0501,6/10/2025,Smartphone,Electronics,6,East,672.89,4037.34
ORD-0502,6/18/2025,Desk,Furniture,6,North,261.31,1567.86
ORD-0503,3/30/2025,Office Chair,Furniture,8,South,152.61,1220.88
ORD-0504,6/25/2025,Webcam,Electronics,1,West,69.66,69.66
ORD-0505,9/26/2025,USB Cable,Accessories,7,North,12.32,86.24
ORD-0506,3/14/2025,Notebook,Stationery,1,North,8.8,8.8
ORD-0507,9/2/2025,Printer,Electronics,7,West,165.77,1160.39
ORD-0508,3/18/2025,Desk,Furniture,3,North,239.93,719.79
ORD-0509,6/8/2025,Keyboard,Electronics,8,South,43.97,351.76
ORD-0510,11/20/2025,Webcam,Electronics,3,South,75.12,225.36
ORD-0511,4/8/2025,Keyboard,Electronics,1,East,44.78,44.78
ORD-0512,4/12/2025,Laptop,Electronics,8,North,876.09,7008.72
ORD-0513,5/12/2025,Office Chair,Furniture,3,East,164.3,492.9
ORD-0514,4/12/2025,Tablet,Electronics,2,North,442.75,885.5
ORD-0515,1/19/2025,Tablet,Electronics,1,South,378.24,378.24
ORD-0516,3/23/2025,USB Cable,Accessories,3,South,12.86,38.58
ORD-0517,10/6/2025,Headphones,Electronics,2,South,74.98,149.96
ORD-0518,12/5/2025,Printer,Electronics,2,North,181.87,363.74
ORD-0519,12/31/2025,Desk Lamp,Furniture,6,South,29.49,176.94
ORD-0520,11/27/2025,USB Cable,Accessories,1,North,12.53,12.53
ORD-0521,5/9/2025,Smartphone,Electronics,2,East,633.25,1266.5
ORD-0522,12/10/2025,Smartphone,Electronics,6,North,698.07,4188.42
ORD-0523,11/6/2025,Printer,Electronics,3,East,188.3,564.9
ORD-0524,3/30/2025,Desk Lamp,Furniture,4,North,30.89,123.56
ORD-0525,8/1/2025,Monitor,Electronics,1,East,233.03,233.03
ORD-0526,5/23/2025,Headphones,Electronics,8,South,84.06,672.48
ORD-0527,3/6/2025,Desk,Furniture,7,East,217.73,1524.11
ORD-0528,3/17/2025,Notebook,Stationery,7,South,7.83,54.81
ORD-0529,7/18/2025,Desk Lamp,Furniture,3,South,32.58,97.74
ORD-0530,5/23/2025,Tablet,Electronics,10,East,388.56,3885.6
ORD-0531,11/12/2025,Webcam,Electronics,10,North,73.32,733.2
ORD-0532,4/3/2025,Monitor,Electronics,3,North,240.88,
ORD-0533,11/1/2025,Notebook,Stationery,2,West,7.28,14.56
ORD-0534,8/12/2025,Notebook,Stationery,1,North,8.29,8.29
ORD-0535,10/18/2025,Monitor,Electronics,7,West,218.6,1530.2
ORD-0536,4/12/2025,Laptop,Electronics,7,North,965.04,6755.28
ORD-0537,9/24/2025,Keyboard,Electronics,2,North,41.27,82.54
ORD-0538,12/21/2025,Notebook,Stationery,7,South,7.27,50.89
ORD-0539,4/20/2025,Monitor,Electronics,8,West,227.34,1818.72
ORD-0540,11/26/2025,Desk Lamp,Furniture,1,North,31.94,31.94
ORD-0541,9/22/2025,Monitor,Electronics,9,West,232.41,2091.69
ORD-0542,1/3/2025,Backpack,Stationery,7,South,35.31,247.17
ORD-0543,3/26/2025,USB Cable,Accessories,3,South,11.04,33.12
ORD-0544,10/9/2025,Mouse,Electronics,8,West,25.94,207.52
ORD-0545,11/24/2025,Laptop,Electronics,7,South,900.96,6306.72
ORD-0546,10/31/2025,Office Chair,Furniture,8,East,173.15,1385.2
ORD-0547,4/27/2025,Mouse,Electronics,6,East,26.69,160.14
ORD-0548,8/9/2025,USB Cable,Accessories,9,South,12.5,112.5
ORD-0549,6/3/2025,USB Cable,Accessories,5,East,13.08,65.4
ORD-0550,6/2/2025,USB Cable,Accessories,3,North,10.88,32.64
ORD-0551,1/12/2025,Mouse,Electronics,3,West,26.18,78.54
ORD-0552,5/13/2025,Printer,Electronics,1,North,173.89,173.89
ORD-0553,10/31/2025,Keyboard,Electronics,8,West,48.65,389.2
ORD-0554,10/20/2025,Monitor,Electronics,2,South,209.73,419.46
ORD-0555,10/27/2025,Webcam,Electronics,3,North,73.15,219.45
ORD-0556,8/16/2025,Keyboard,Electronics,8,South,48.4,387.2
ORD-0557,9/28/2025,Tablet,Electronics,8,South,381.5,3052
ORD-0558,2/12/2025,Desk Lamp,Furniture,4,West,29.39,117.56
ORD-0559,12/9/2025,Headphones,Electronics,4,West,84.2,336.8
ORD-0560,11/22/2025,Printer,Electronics,5,West,178.38,891.9
ORD-0561,10/29/2025,Office Chair,Furniture,6,North,152.55,915.3
ORD-0562,12/30/2025,Keyboard,Electronics,5,East,42.48,212.4
ORD-0563,1/21/2025,Webcam,Electronics,7,West,64.84,453.88
ORD-0564,4/17/2025,Smartphone,Electronics,2,West,696.43,1392.86
ORD-0565,12/2/2025,USB Cable,Accessories,7,North,12.18,85.26
ORD-0566,10/30/2025,Notebook,Stationery,10,West,7.32,73.2
ORD-0567,4/27/2025,Tablet,Electronics,7,North,410.14,2870.98
ORD-0568,5/4/2025,Headphones,Electronics,1,South,77.88,77.88
ORD-0569,10/8/2025,Laptop,Electronics,7,West,889.53,6226.71
ORD-0570,10/19/2025,Office Chair,Furniture,5,West,157.94,789.7
ORD-0571,7/22/2025,Desk Lamp,Furniture,3,South,28.99,86.97
ORD-0572,2/20/2025,Headphones,Electronics,3,South,77.47,232.41
ORD-0573,9/28/2025,USB Cable,Accessories,4,South,12.57,50.28
ORD-0574,11/20/2025,Notebook,Stationery,2,West,7.56,15.12
ORD-0575,10/4/2025,Printer,Electronics,2,East,185.11,370.22
ORD-0576,5/21/2025,Notebook,Stationery,1,East,8.11,8.11
ORD-0577,10/2/2025,Mouse,Electronics,5,East,25.34,126.7
ORD-0578,10/17/2025,Notebook,Stationery,4,West,8.26,33.04
ORD-0579,11/30/2025,Mouse,Electronics,10,South,25.24,252.4
ORD-0580,2/21/2025,Tablet,Electronics,2,West,451.86,903.72
ORD-0581,1/27/2025,Printer,Electronics,3,South,186.32,558.96
ORD-0582,6/6/2025,Desk Lamp,Furniture,7,West,30.28,211.96
ORD-0583,8/27/2025,Desk,Furniture,7,West,255.83,1790.81
ORD-0584,6/5/2025,USB Cable,Accessories,4,South,12.25,49
ORD-0585,10/18/2025,Mouse,Electronics,5,East,23.96,119.8
ORD-0586,5/16/2025,Laptop,Electronics,5,South,894.35,4471.75
ORD-0587,5/24/2025,Notebook,Stationery,6,North,7.44,44.64
ORD-0588,4/16/2025,Notebook,Stationery,9,North,8.64,77.76
ORD-0589,6/7/2025,Laptop,Electronics,2,South,989.93,1979.86
ORD-0590,5/26/2025,Desk Lamp,Furniture,5,West,32.62,163.1
ORD-0591,1/2/2025,Smartphone,Electronics,3,North,663.43,1990.29
ORD-0592,3/18/2025,Tablet,Electronics,4,North,417.77,1671.08
ORD-0593,5/12/2025,Monitor,Electronics,10,West,200.63,2006.3
ORD-0594,3/31/2025,Desk,Furniture,6,West,248.24,1489.44
ORD-0595,12/11/2025,Office Chair,Furniture,8,East,162.63,1301.04
ORD-0596,12/16/2025,Webcam,Electronics,1,West,76.86,76.86
ORD-0597,9/20/2025,Mouse,Electronics,10,South,23.7,237
ORD-0598,12/17/2025,Laptop,Electronics,8,South,955.84,7646.72
ORD-0599,4/18/2025,Webcam,Electronics,7,East,72.11,504.77
ORD-0600,3/15/2025,Printer,Electronics,1,North,185.21,185.21
ORD-0601,2/8/2025,Desk Lamp,Furniture,2,North,30.37,60.74
ORD-0602,6/8/2025,Mouse,Electronics,3,West,26.38,79.14
ORD-0603,3/12/2025,Monitor,Electronics,1,South,207.02,207.02
ORD-0604,11/8/2025,Webcam,Electronics,9,North,73.16,658.44
ORD-0605,8/29/2025,Printer,Electronics,8,East,184.31,1474.48
ORD-0606,10/25/2025,Headphones,Electronics,2,East,86.34,172.68
ORD-0607,2/5/2025,USB Cable,Accessories,9,South,12.83,115.47
ORD-0608,3/25/2025,Notebook,Stationery,7,East,7.7,53.9
ORD-0609,9/20/2025,Headphones,Electronics,9,East,76.42,687.78
ORD-0610,11/6/2025,Mouse,Electronics,6,South,27.41,164.46
ORD-0611,6/21/2025,Monitor,Electronics,6,West,221.2,1327.2
ORD-0612,6/22/2025,Desk,Furniture,4,West,259.51,1038.04
ORD-0613,12/28/2025,Webcam,Electronics,10,East,65.29,652.9
ORD-0614,2/16/2025,Tablet,Electronics,10,West,432,4320
ORD-0615,5/21/2025,USB Cable,Accessories,2,West,12.74,25.48
ORD-0616,4/28/2025,Mouse,Electronics,7,East,27.24,190.68
ORD-0617,10/4/2025,Desk Lamp,Furniture,5,West,29.02,145.1
ORD-0618,8/2/2025,Laptop,Electronics,6,East,992.75,5956.5
ORD-0619,8/8/2025,Tablet,Electronics,2,North,423.26,846.52
ORD-0620,1/26/2025,Tablet,Electronics,5,South,383.09,1915.45
ORD-0621,1/9/2025,Tablet,Electronics,10,South,435.96,4359.6
ORD-0622,9/28/2025,Keyboard,Electronics,4,West,46.71,186.84
ORD-0623,1/10/2025,Mouse,Electronics,9,West,27.15,244.35
ORD-0624,5/1/2025,USB Cable,Accessories,6,West,11.99,71.94
ORD-0625,5/5/2025,Notebook,Stationery,2,South,7.57,15.14
ORD-0626,6/19/2025,Notebook,Stationery,1,North,7.27,7.27
ORD-0627,3/13/2025,Mouse,Electronics,5,North,24.58,122.9
ORD-0628,6/1/2025,Printer,Electronics,9,South,172.87,1555.83
ORD-0629,7/27/2025,Keyboard,Electronics,6,North,47.35,284.1
ORD-0630,2/18/2025,Laptop,Electronics,10,South,922.31,9223.1
ORD-0631,6/3/2025,Tablet,Electronics,7,North,457.72,3204.04
ORD-0632,12/13/2025,Tablet,Electronics,5,East,458.83,2294.15
ORD-0633,10/20/2025,Mouse,Electronics,10,East,25.6,256
ORD-0634,3/9/2025,Printer,Electronics,6,South,195.43,1172.58
ORD-0635,2/19/2025,Notebook,Stationery,5,North,8.42,42.1
ORD-0636,6/1/2025,Notebook,Stationery,9,West,8.07,72.63
ORD-0637,1/19/2025,Monitor,Electronics,6,North,205.93,1235.58
ORD-0638,4/10/2025,Mouse,Electronics,8,East,24.79,198.32
ORD-0639,3/1/2025,Keyboard,Electronics,2,East,45.55,91.1
ORD-0640,6/16/2025,Smartphone,Electronics,9,North,697.32,6275.88
ORD-0641,7/21/2025,Keyboard,Electronics,5,North,44.83,224.15
ORD-0642,12/11/2025,Desk Lamp,Furniture,7,West,32.39,226.73
ORD-0643,5/26/2025,Notebook,Stationery,10,West,8.28,82.8
ORD-0644,6/13/2025,Notebook,Stationery,1,North,7.42,7.42
ORD-0645,8/30/2025,Headphones,Electronics,10,North,87.92,879.2
ORD-0646,3/10/2025,Notebook,Stationery,5,North,8.04,40.2
ORD-0647,6/24/2025,Laptop,Electronics,10,North,929.45,9294.5
ORD-0648,2/18/2025,Office Chair,Furniture,2,South,165.09,330.18
ORD-0649,4/18/2025,Mouse,Electronics,6,North,23.04,138.24
ORD-0650,8/14/2025,Webcam,Electronics,1,West,71.91,71.91
ORD-0651,6/10/2025,Keyboard,Electronics,3,East,44.98,134.94
ORD-0652,4/29/2025,Office Chair,Furniture,5,South,157.01,785.05
ORD-0653,5/29/2025,Printer,Electronics,4,North,196.31,785.24
ORD-0654,5/30/2025,Smartphone,Electronics,3,East,652.93,1958.79
ORD-0655,10/20/2025,Laptop,Electronics,10,South,896.63,8966.3
ORD-0656,5/23/2025,USB Cable,Accessories,5,East,11.9,59.5
ORD-0657,6/9/2025,Backpack,Stationery,8,North,37.94,303.52
ORD-0658,1/11/2025,Keyboard,Electronics,4,North,42.08,168.32
ORD-0659,5/18/2025,Office Chair,Furniture,1,West,150.85,150.85
ORD-0660,3/19/2025,USB Cable,Accessories,7,North,10.83,75.81
ORD-0661,3/18/2025,Smartphone,Electronics,8,North,586.84,4694.72
ORD-0662,9/11/2025,Headphones,Electronics,3,South,85.27,255.81
ORD-0663,9/15/2025,USB Cable,Accessories,6,West,12.56,75.36
ORD-0664,11/16/2025,Laptop,Electronics,2,South,922.46,1844.92
ORD-0665,10/18/2025,Laptop,Electronics,7,East,987.68,6913.76
ORD-0666,9/20/2025,Webcam,Electronics,8,North,68.53,548.24
ORD-0667,3/26/2025,Headphones,Electronics,6,East,87.25,523.5
ORD-0668,5/26/2025,Backpack,Stationery,6,South,38.27,229.62
ORD-0669,11/19/2025,Mouse,Electronics,5,North,24.46,122.3
ORD-0670,2/11/2025,USB Cable,Accessories,8,North,12.85,102.8
ORD-0671,5/5/2025,Headphones,Electronics,1,South,84.37,84.37
ORD-0672,6/16/2025,Laptop,Electronics,10,South,913.9,9139
ORD-0673,8/29/2025,Laptop,Electronics,4,South,899.09,3596.36
ORD-0674,10/7/2025,Office Chair,Furniture,4,South,158.66,634.64
ORD-0675,7/7/2025,Notebook,Stationery,3,South,8.45,25.35
ORD-0676,10/29/2025,Backpack,Stationery,3,North,38.22,114.66
ORD-0677,1/19/2025,USB Cable,Accessories,4,South,12.63,50.52
ORD-0678,3/9/2025,Webcam,Electronics,1,North,74.97,74.97
ORD-0679,8/6/2025,Webcam,Electronics,2,North,71.44,142.88
ORD-0680,4/12/2025,USB Cable,Accessories,9,South,12.8,115.2
ORD-0681,2/11/2025,Desk Lamp,Furniture,10,South,31.71,317.1
ORD-0682,10/15/2025,Tablet,Electronics,2,West,409.67,819.34
ORD-0683,6/16/2025,Smartphone,Electronics,5,North,656.76,3283.8
ORD-0684,4/19/2025,Webcam,Electronics,9,South,74.27,668.43
ORD-0685,2/5/2025,Headphones,Electronics,9,South,72.74,654.66
ORD-0686,8/20/2025,Smartphone,Electronics,8,South,690.05,5520.4
ORD-0687,8/17/2025,Headphones,Electronics,1,West,74.85,74.85
ORD-0688,12/19/2025,Printer,Electronics,1,West,180.53,180.53
ORD-0689,6/13/2025,Laptop,Electronics,9,East,1008.57,9077.13
ORD-0690,3/14/2025,Notebook,Stationery,8,North,7.61,60.88
ORD-0691,5/16/2025,Office Chair,Furniture,10,East,151.87,1518.7
ORD-0692,12/19/2025,Webcam,Electronics,9,South,68.64,617.76
ORD-0693,3/11/2025,Notebook,Stationery,7,West,8.63,60.41
ORD-0694,7/15/2025,Notebook,Stationery,3,West,7.2,21.6
ORD-0695,9/26/2025,Notebook,Stationery,3,East,8.64,25.92
ORD-0696,2/18/2025,Tablet,Electronics,2,West,390.92,781.84
ORD-0697,11/12/2025,Smartphone,Electronics,5,South,713.71,3568.55
ORD-0698,5/10/2025,Headphones,Electronics,3,West,87.28,261.84
ORD-0699,1/5/2025,Desk,Furniture,6,East,239.74,1438.44
ORD-0700,1/27/2025,Printer,Electronics,2,South,180.46,360.92
ORD-0701,6/9/2025,Keyboard,Electronics,3,East,44.83,134.49
ORD-0702,5/29/2025,Notebook,Stationery,5,West,8.22,41.1
ORD-0703,9/21/2025,Mouse,Electronics,three,East,22.95,22.95
ORD-0704,8/18/2025,Smartphone,Electronics,1,East,589.24,589.24
ORD-0705,7/19/2025,Webcam,Electronics,10,North,63.81,638.1
ORD-0706,2/19/2025,Backpack,Stationery,9,West,34.61,311.49
ORD-0707,3/8/2025,Webcam,Electronics,7,West,66.86,468.02
ORD-0708,10/27/2025,Office Chair,Furniture,1,East,163.91,163.91
ORD-0709,2/27/2025,Keyboard,Electronics,8,North,49.43,395.44
ORD-0710,9/16/2025,Desk,Furniture,3,West,234.54,703.62
ORD-0711,12/8/2025,Mouse,Electronics,8,South,25.37,202.96
ORD-0712,11/22/2025,Webcam,Electronics,5,East,68.82,344.1
ORD-0713,5/10/2025,Desk,Furniture,1,West,256.67,256.67
ORD-0714,8/3/2025,Keyboard,Electronics,7,South,48.62,340.34
ORD-0715,6/21/2025,Notebook,Stationery,5,West,8.6,43
ORD-0716,9/15/2025,Mouse,Electronics,6,South,27.37,164.22
ORD-0717,4/12/2025,Desk,Furniture,6,East,217.32,1303.92
ORD-0718,7/28/2025,Office Chair,Furniture,8,West,170.87,1366.96
ORD-0719,10/18/2025,Headphones,Electronics,9,West,84.03,756.27
ORD-0720,12/20/2025,Laptop,Electronics,2,North,898.45,1796.9
ORD-0721,10/13/2025,Headphones,Electronics,9,East,87.3,785.7
ORD-0722,4/26/2025,Keyboard,Electronics,10,South,41.83,418.3
ORD-0723,9/21/2025,Smartphone,Electronics,9,West,673.34,6060.06
ORD-0724,5/30/2025,Laptop,Electronics,10,West,897.73,8977.3
ORD-0725,10/27/2025,Printer,Electronics,10,South,177.53,1775.3
ORD-0726,2/5/2025,Office Chair,Furniture,7,East,167.01,1169.07
ORD-0727,11/29/2025,Printer,Electronics,1,North,182.28,182.28
ORD-0728,10/14/2025,Tablet,Electronics,7,North,413.91,2897.37
ORD-0729,10/30/2025,Mouse,Electronics,10,West,24.13,241.3
ORD-0730,11/7/2025,USB Cable,Accessories,5,South,12.82,64.1
ORD-0731,7/27/2025,Laptop,Electronics,6,West,882.32,5293.92
ORD-0732,4/16/2025,Printer,Electronics,10,South,177.48,1774.8
ORD-0733,6/7/2025,Webcam,Electronics,7,North,75.65,529.55
ORD-0734,5/1/2025,Printer,Electronics,5,East,192.45,962.25
ORD-0735,2/24/2025,Desk,Furniture,7,South,235.25,1646.75
ORD-0736,1/12/2025,Headphones,Electronics,9,North,84.21,757.89
ORD-0737,5/25/2025,Desk,Furniture,3,West,255.51,766.53
ORD-0738,5/16/2025,Tablet,Electronics,8,South,452.67,3621.36
ORD-0739,1/3/2025,Laptop,Electronics,2,East,958.46,1916.92
ORD-0740,5/24/2025,Laptop,Electronics,7,West,893.85,6256.95
ORD-0741,1/30/2025,Tablet,Electronics,2,West,399.45,798.9
ORD-0742,8/25/2025,Keyboard,Electronics,4,North,43.16,172.64
ORD-0743,10/6/2025,Desk,Furniture,7,South,244.5,1711.5
ORD-0744,12/14/2025,Monitor,Electronics,3,West,199.44,598.32
ORD-0745,4/25/2025,Webcam,Electronics,2,East,71.9,143.8
ORD-0746,4/14/2025,Backpack,Stationery,10,South,34.05,340.5
ORD-0747,4/28/2025,Headphones,Electronics,7,East,76.72,537.04
ORD-0748,1/5/2025,Laptop,Electronics,1,West,1022.1,1022.1
ORD-0749,12/26/2025,Keyboard,Electronics,8,East,44.64,357.12
ORD-0750,9/5/2025,USB Cable,Accessories,3,North,11.03,33.09
ORD-0751,12/30/2025,Webcam,Electronics,2,East,74.57,149.14
ORD-0752,11/17/2025,Desk,Furniture,3,South,218.29,654.87
ORD-0753,5/1/2025,Headphones,Electronics,5,East,83.63,418.15
ORD-0754,10/13/2025,USB Cable,Accessories,8,East,12.66,101.28
ORD-0755,5/29/2025,Desk,Furniture,10,North,232.92,2329.2
ORD-0756,3/25/2025,Printer,Electronics,7,East,191.69,1341.83
ORD-0757,8/19/2025,USB Cable,Accessories,7,East,12.04,84.28
ORD-0758,10/15/2025,Tablet,Electronics,7,West,416.92,2918.44
ORD-0759,6/10/2025,Desk Lamp,Furniture,8,West,27.27,218.16
ORD-0760,9/29/2025,Keyboard,Electronics,1,South,43.11,43.11
ORD-0761,2/7/2025,Headphones,Electronics,4,West,86.9,347.6
ORD-0762,8/14/2025,Notebook,Stationery,6,West,7.83,46.98
ORD-0763,5/22/2025,Desk Lamp,Furniture,9,West,30.28,272.52
ORD-0764,10/19/2025,Mouse,Electronics,2,West,25.16,50.32
ORD-0765,5/31/2025,Mouse,Electronics,1,North,25.45,25.45
ORD-0766,4/24/2025,Headphones,Electronics,10,West,72.98,729.8
ORD-0767,8/25/2025,USB Cable,Accessories,2,North,11.67,23.34
ORD-0768,3/7/2025,Desk,Furniture,7,North,250.71,1754.97
ORD-0769,12/27/2025,Keyboard,Electronics,3,West,42.31,126.93
ORD-0770,12/7/2025,Backpack,Stationery,10,East,32.93,329.3
ORD-0771,9/15/2025,Mouse,Electronics,2,North,22.55,45.1
ORD-0772,9/6/2025,Keyboard,Electronics,7,East,44.44,311.08
ORD-0773,11/27/2025,Mouse,Electronics,2,East,26.91,53.82
ORD-0774,11/19/2025,Printer,Electronics,3,West,163.87,491.61
ORD-0775,6/29/2025,Desk,Furniture,7,South,225.17,1576.19
ORD-0776,7/9/2025,Printer,Electronics,4,West,173.16,692.64
ORD-0777,6/3/2025,Webcam,Electronics,1,South,73.24,73.24
ORD-0778,7/15/2025,Mouse,Electronics,5,South,25.7,128.5
ORD-0779,11/7/2025,Notebook,Stationery,9,West,7.87,70.83
ORD-0780,9/19/2025,Notebook,Stationery,8,West,8.41,67.28
ORD-0781,5/23/2025,Printer,Electronics,9,South,183.95,1655.55
ORD-0782,12/8/2025,Tablet,Electronics,10,West,453.27,4532.7
ORD-0783,11/12/2025,Desk Lamp,Furniture,9,South,31.91,287.19
ORD-0784,4/11/2025,Notebook,Stationery,7,East,7.6,53.2
ORD-0785,9/1/2025,Mouse,Electronics,4,West,23.86,95.44
ORD-0786,1/12/2025,Headphones,Electronics,5,East,74.01,370.05
ORD-0787,8/27/2025,Printer,Electronics,1,North,174.13,174.13
ORD-0788,2/18/2025,Webcam,Electronics,1,East,76.99,76.99
ORD-0789,2/11/2025,Backpack,Stationery,3,East,34.34,103.02
ORD-0790,6/15/2025,Backpack,Stationery,8,South,33.04,264.32
ORD-0791,3/23/2025,Smartphone,Electronics,2,East,684.12,1368.24
ORD-0792,10/18/2025,Desk Lamp,Furniture,4,West,30.25,121
ORD-0793,6/7/2025,USB Cable,Accessories,2,South,11.16,22.32
ORD-0794,8/4/2025,Desk,Furniture,5,North,234.27,1171.35
ORD-0795,6/7/2025,Notebook,Stationery,9,West,7.86,70.74
ORD-0796,5/14/2025,Notebook,Stationery,1,North,8.41,8.41
ORD-0797,3/8/2025,USB Cable,Accessories,5,East,10.85,54.25
ORD-0798,12/2/2025,Laptop,Electronics,9,West,906.11,8154.99
ORD-0799,1/7/2025,Webcam,Electronics,1,West,70.25,70.25
ORD-0800,1/14/2025,Monitor,Electronics,9,North,209.83,1888.47
ORD-0801,3/14/2025,Printer,Electronics,8,West,184.62,1476.96
ORD-0802,6/12/2025,Tablet,Electronics,4,West,418.48,1673.92
ORD-0803,3/7/2025,Webcam,Electronics,10,West,68.06,680.6
ORD-0804,12/13/2025,Office Chair,Furniture,5,East,174.37,871.85
ORD-0805,5/10/2025,Notebook,Stationery,5,North,8.21,41.05
ORD-0806,7/25/2025,Desk,Furniture,6,West,222.24,1333.44
ORD-0807,10/3/2025,Smartphone,Electronics,7,South,657.81,4604.67
ORD-0808,9/13/2025,Backpack,Stationery,8,South,36.97,295.76
ORD-0809,9/23/2025,Notebook,Stationery,8,South,8.33,66.64
ORD-0810,1/25/2025,Smartphone,Electronics,2,South,607.37,1214.74
ORD-0811,10/8/2025,Mouse,Electronics,9,East,27.36,246.24
ORD-0812,9/10/2025,Webcam,Electronics,7,West,69.28,484.96
ORD-0813,11/6/2025,Mouse,Electronics,4,North,23.3,93.2
ORD-0814,10/16/2025,Monitor,Electronics,4,West,205.93,823.72
ORD-0815,6/13/2025,Headphones,Electronics,8,East,73.57,588.56
ORD-0816,4/5/2025,Office Chair,Furniture,4,South,169.71,678.84
ORD-0817,9/27/2025,Webcam,Electronics,6,East,64.71,388.26
ORD-0818,11/17/2025,Laptop,Electronics,5,West,878.77,4393.85
ORD-0819,4/20/2025,Monitor,Electronics,3,North,235.42,706.26
ORD-0820,12/2/2025,Keyboard,Electronics,10,East,43.6,436
ORD-0821,11/6/2025,Laptop,Electronics,2,North,860.86,1721.72
ORD-0822,8/26/2025,Desk Lamp,Furniture,9,East,27.31,245.79
ORD-0823,1/25/2025,Printer,Electronics,10,North,167.12,1671.2
ORD-0824,5/21/2025,Desk,Furniture,9,North,226.24,2036.16
ORD-0825,4/27/2025,Webcam,Electronics,1,South,72.31,72.31
ORD-0826,1/25/2025,Keyboard,Electronics,10,North,41.92,419.2
ORD-0827,3/20/2025,Keyboard,Electronics,3,South,41.57,124.71
ORD-0828,3/9/2025,Monitor,Electronics,8,West,231.65,1853.2
ORD-0829,6/22/2025,USB Cable,Accessories,6,West,12.41,74.46
ORD-0830,1/12/2025,Desk Lamp,Furniture,5,South,29.61,148.05
ORD-0831,10/15/2025,Headphones,Electronics,5,South,80.79,403.95
ORD-0832,5/8/2025,Webcam,Electronics,6,East,67.37,404.22
ORD-0833,4/6/2025,USB Cable,Accessories,7,East,11.96,83.72
ORD-0834,4/2/2025,Monitor,Electronics,1,East,220.29,220.29
ORD-0835,5/21/2025,Printer,Electronics,9,West,175.94,1583.46
ORD-0836,1/31/2025,Backpack,Stationery,3,East,37.85,113.55
ORD-0837,11/30/2025,Notebook,Stationery,4,North,7.23,28.92
ORD-0838,1/20/2025,Notebook,Stationery,10,North,8.45,84.5
ORD-0839,5/26/2025,Headphones,Electronics,1,East,73.99,73.99
ORD-0840,11/12/2025,Printer,Electronics,10,North,190.71,1907.1
ORD-0841,6/9/2025,Tablet,Electronics,3,West,429.74,1289.22
ORD-0842,12/15/2025,Headphones,Electronics,2,North,85.49,170.98
ORD-0843,2/12/2025,Webcam,Electronics,2,West,64.37,128.74
ORD-0844,9/11/2025,Webcam,Electronics,1,South,70.83,70.83
ORD-0845,5/10/2025,Smartphone,Electronics,8,South,650.14,5201.12
ORD-0846,3/1/2025,USB Cable,Accessories,3,South,12.49,37.47
ORD-0847,5/31/2025,Tablet,Electronics,3,South,422.88,1268.64
ORD-0848,10/14/2025,Notebook,Stationery,6,North,8.07,48.42
ORD-0849,1/5/2025,Keyboard,Electronics,8,East,44.37,354.96
ORD-0850,9/23/2025,USB Cable,Accessories,9,North,11.54,103.86
ORD-0101,11/22/2025,Smartphone,Electronics,9,South,654.07,5886.63
ORD-0251,12/25/2025,Tablet,Electronics,6,South,411.01,2466.06
